" VARIAÇÕES MENSAIS POR GRUPOS, ITENS E SUBITENS - IPCA - JANEIRO DE 2024",RJ,POA,BH,REC,SP,DF,BEL,FOR,SAL,CUR,GOI,VIT,CG,RB,SL,AJU,NACIONAL
 ÍNDICE GERAL,0.44,0.13,1.1,0.63,0.25,-0.36,0.75,0.68,0.13,0.39,0.87,0.37,0.48,0.63,1.06,0.73,0.42
 ALIMENTAÇÃO E BEBIDAS,1.18,1.06,2.73,0.87,0.74,0.85,2.7,1.72,1.38,1.5,2.22,1.98,1.06,1.41,1.99,1.7,1.38
 ALIMENTAÇÃO NO DOMICÍLIO,1.63,1.31,3.57,1.16,1.03,1.39,3.31,2.08,1.73,1.79,2.9,2.38,1.3,1.65,2.3,2.23,1.81
" CEREAIS, LEGUMINOSAS E OLEAGINOSAS",5.92,7.1,7.22,7.92,5.76,6.13,8.14,7.75,7.64,6.24,8.82,6.67,5.86,7.69,8.52,4.86,6.81
 ARROZ,6.07,7.23,6.95,7.87,4.63,5.91,8.42,5.99,6.27,7.75,8.61,6.2,5.1,7.59,8.5,6.58,6.39
 FEIJÃO-MULATINHO,       -,       -,       -,6.42,       -,       -,       -,       -,3.93,       -,       -,       -,       -,       -,12.49,       -,6.23
 FEIJÃO-PRETO,5.56,12.13,       -,       -,       -,3.28,5.35,       -,       -,4.83,       -,8.37,       -,       -,       -,       -,6.91
 FEIJÃO-MACÁÇAR (FRADINHO),       -,       -,       -,6.03,       -,       -,       -,13.15,       -,       -,       -,       -,       -,       -,       -,       -,11.7
 FEIJÃO-CARIOCA (RAJADO),       -,       -,8.24,9.72,9.96,10.02,8.36,       -,14.68,       -,9.76,       -,11.51,8.38,5.12,1.42,9.7
 MILHO (EM GRÃO),       -,-4.66,       -,       -,       -,0.39,       -,       -,       -,-2.32,       -,       -,       -,       -,       -,       -,-2.9
" FARINHAS, FÉCULAS E MASSAS",1.08,-0.47,0.03,-0.84,0.24,0.27,3.46,2.51,-0.79,0.12,1.5,-0.87,-1.82,-0.19,4.08,1.12,0.58
 FARINHA DE ARROZ,       -,       -,       -,3.16,       -,       -,       -,       -,       -,       -,       -,       -,       -,       -,       -,       -,3.16
 MACARRÃO,-2.14,-0.38,0,-1.9,1.13,-2.39,2.18,2.23,0.16,1.14,-0.72,-0.94,-3.95,-0.2,2.36,-0.04,0.12
 FUBÁ DE MILHO,       -,       -,       -,-0.63,       -,       -,       -,1.49,       -,       -,       -,       -,       -,       -,0.7,5.53,0.83
 FLOCOS DE MILHO,       -,       -,       -,-0.19,       -,-0.04,       -,       -,       -,       -,       -,       -,       -,       -,-3.23,-1.14,-0.63
 FARINHA DE TRIGO,       -,0.67,-0.02,       -,-3.54,       -,       -,       -,-0.39,-3.87,1.25,-1.42,-3.15,       -,       -,       -,-1.78
 FARINHA DE MANDIOCA,4.15,       -,-1.55,-1.41,1.26,3.05,4.1,4.2,-1.24,       -,3.96,-2.22,       -,0.17,5.88,0.87,2.27
 MASSA SEMIPREPARADA,1.56,-1.26,0.96,       -,0.64,-1.19,-1.5,-0.45,-1.78,1.96,1.27,0.97,1.19,       -,       -,       -,0.46
 MACARRÃO INSTANTÂNEO,4.13,       -,       -,       -,0.31,0.34,       -,       -,       -,-0.08,       -,-1.82,-1.23,-1.6,       -,       -,0.89
" TUBÉRCULOS, RAÍZES E LEGUMES",17.94,11.17,23.23,12.49,4.42,6.08,20.11,15.61,4.63,13.16,12.43,13.15,7.91,9.2,2.5,15.15,11.14
 BATATA-DOCE,9.9,       -,       -,3.25,5.63,       -,       -,       -,0.62,       -,6.48,       -,       -,0,       -,       -,5.09
 BATATA-INGLESA,31.3,28.25,41.62,27.93,22.34,25.92,43.69,27,4.49,39.69,36.83,20.81,40.46,29.92,16.76,24.97,29.45
 INHAME,       -,       -,       -,       -,       -,       -,       -,       -,       -,       -,       -,29.47,       -,       -,       -,10.46,14.78
 MANDIOCA (AIPIM),       -,       -,3.02,4.19,       -,3.38,       -,       -,4.35,       -,       -,       -,-2.42,-1.28,       -,       -,2.83
 ABOBRINHA,       -,       -,       -,       -,-17.95,       -,       -,       -,       -,       -,       -,       -,       -,       -,       -,       -,-17.95
 PEPINO,       -,       -,       -,       -,       -,       -,       -,       -,       -,-11.24,       -,       -,       -,       -,       -,       -,-11.24
 PIMENTÃO,       -,       -,       -,       -,0.18,2.45,       -,       -,       -,       -,       -,       -,       -,       -,       -,       -,0.39
 TOMATE,11.01,12.36,13.17,7.49,-5.47,1.17,11.31,-7.86,-0.96,-1.22,1.39,10.31,5.23,11.78,0.15,9,2.96
 CEBOLA,-12.38,-7.98,-11.87,1.67,-5.92,-13.64,1.94,8.62,3.53,-10.27,-11.28,-9.22,-12.58,1.76,0.58,7.27,-5.57
 CENOURA,52.3,32.56,67.4,33.62,35.32,54.53,38.93,52.57,24.99,28.49,75.3,54.97,       -,       -,       -,37.82,43.85
 AÇÚCARES E DERIVADOS,-1.08,1.14,-0.12,2.6,-0.08,1.76,0.71,1.98,1.76,0.1,0.82,1.69,0.25,-0.26,-0.22,0.24,0.36
 AÇÚCAR REFINADO,-1.39,3.51,       -,4.82,1.16,0.29,2.3,3.93,1.51,-0.34,       -,       -,       -,0.22,0.22,       -,0.85
 AÇÚCAR CRISTAL,       -,-5.19,0.33,4.66,       -,-0.71,-1.52,0.74,1.14,0.95,0.12,1.23,0.2,-1.42,-0.96,0.32,0.31
 BALAS,       -,0.66,       -,       -,       -,1.81,       -,       -,       -,-4.58,0.77,       -,-6.4,       -,       -,       -,-1.5
 CHOCOLATE EM BARRA E BOMBOM,-4.68,4.67,-0.97,2.2,1.15,3.13,2.59,3.68,3.04,0.4,0.81,0.55,1.34,1.15,-0.09,0.97,1.09
 SORVETE,1.78,-0.83,-0.87,0.77,-2.78,2.26,0.91,1.75,2.79,1.86,2.6,2.88,-0.31,       -,       -,0.7,-0.67
 CHOCOLATE E ACHOCOLATADO EM PÓ,-0.23,1.91,0.63,-2.33,0.24,2.12,1.37,0.43,1.86,-0.42,-0.17,3.54,3.2,1.44,0.68,-1.87,0.49
 DOCE DE FRUTAS EM PASTA,       -,       -,       -,-6.04,       -,       -,       -,       -,       -,       -,       -,       -,       -,       -,       -,       -,-6.04
 AÇÚCAR DEMERARA,       -,       -,       -,       -,       -,       -,       -,       -,       -,       -,       -,       -,       -,       -,       -,0.42,0.42
 HORTALIÇAS E VERDURAS,0.74,0.41,2.53,1.3,1.15,-1.61,7.71,1.47,-0.49,2.43,7.11,0.11,13.28,-0.58,4.71,3.35,1.85
 ALFACE,-1.21,-5.24,3.01,5.2,-1.09,-2.71,3.31,-1.08,-2.45,0.96,0.72,-0.16,4.23,-1.42,3.74,4.95,-0.56
 COENTRO,       -,       -,       -,-0.92,       -,       -,       -,       -,1.25,       -,       -,       -,       -,       -,       -,3.05,0.78
 COUVE,-0.6,       -,3.42,       -,-1.23,       -,       -,       -,       -,       -,       -,0.77,       -,0.13,       -,1.35,-0.04
 COUVE-FLOR,6.13,       -,       -,       -,       -,-3.38,       -,       -,       -,       -,       -,       -,       -,       -,       -,       -,4.6
 REPOLHO,       -,14.3,       -,       -,12.15,       -,       -,       -,5.3,21.39,32.21,       -,50.94,       -,8.39,       -,16.68
 CHEIRO-VERDE,-2.39,5.42,0.74,-1.01,4.99,-0.55,7.9,2.23,-3.29,-2.13,3.1,-0.28,5.72,-0.25,2.91,       -,2.6
 BRÓCOLIS,3.34,3.99,0.21,       -,2.51,0.86,11.14,       -,       -,-5.42,       -,0.79,       -,       -,       -,       -,1.92
 FRUTAS,5.73,1.43,13.37,1.43,3.06,2.64,6.64,5.69,8.34,4.33,5.95,1.58,2.58,3.32,3.32,5.76,5.07
 BANANA-DA-TERRA,       -,       -,       -,2.5,       -,       -,       -,       -,1.43,       -,       -,2.95,       -,2.44,       -,       -,1.86
 ABACAXI,9.5,15.18,       -,8.24,       -,       -,-0.29,       -,       -,       -,7.19,19.33,25.8,       -,       -,11.97,10.31
 ABACATE,       -,       -,       -,       -,       -,       -,7.22,       -,       -,       -,       -,       -,       -,15.27,       -,       -,8.8
 BANANA-D'ÁGUA,3.06,-1.85,7.71,       -,1.81,-2.91,       -,       -,       -,-3.35,       -,       -,-3.39,       -,2.1,       -,0.8
 BANANA-MAÇÃ,       -,       -,       -,       -,       -,       -,       -,       -,       -,       -,8.66,       -,9.9,       -,       -,       -,8.92
 BANANA-PRATA,8.8,6.9,21.6,7.26,4.91,6.59,8.27,5.65,18.07,1.4,10.47,1.18,       -,3.74,0.91,0.87,10.01
 LARANJA-BAÍA,       -,7.1,       -,       -,       -,       -,       -,       -,       -,       -,       -,       -,       -,       -,       -,       -,7.1
 LARANJA-LIMA,       -,       -,21.16,       -,       -,       -,       -,       -,       -,       -,       -,       -,       -,       -,       -,       -,21.16
 LIMÃO,-15.74,       -,       -,       -,-22.11,-21.24,       -,       -,       -,       -,-10.43,-25.35,       -,-21.43,       -,       -,-20.54
 MAÇÃ,2.31,4.57,9.24,-10.34,4.98,-1.7,6.18,1.41,-4.71,7.8,2.55,3.27,-3.58,5.26,4.72,2.13,3.63
 MAMÃO,-5.74,-7.62,-9.17,1.3,-7.03,3.76,       -,2.46,3.47,-3.43,3.76,-12.84,-10.99,0.15,       -,-1.64,-5.37
 MANGA,24.26,23.78,34.79,       -,22.61,11.4,       -,23.63,21.36,23.58,       -,24.26,       -,       -,       -,2.45,23.35
 MARACUJÁ,       -,       -,       -,       -,       -,       -,       -,9.6,28.92,       -,       -,       -,       -,       -,       -,26.2,22.06
 MELANCIA,       -,       -,4.72,1.97,       -,10.41,6.77,       -,2.97,9.02,1.62,       -,9.38,3.46,1.94,       -,5.26
 MELÃO,1.09,       -,       -,-0.54,       -,-8.77,3.05,       -,       -,-5.24,       -,       -,       -,       -,9.77,       -,-0.49
 PERA,       -,       -,       -,       -,2.16,       -,       -,       -,       -,       -,-0.92,4.08,       -,       -,       -,       -,1.94
 TANGERINA,       -,       -,       -,       -,3.06,       -,       -,       -,       -,4.33,       -,       -,       -,       -,       -,       -,3.41
 UVA,4.48,3.39,11.48,4.39,5.8,2.35,3.89,3.64,4.47,8.68,8.34,7.32,2.32,3.59,1.59,4.82,5.65
 LARANJA-PERA,11.92,       -,17.47,4.89,6.79,13.66,11.67,10.44,6.18,5.83,12.37,2.14,10.31,10.17,5.06,13.18,9.57
 MORANGO,       -,-13.04,       -,       -,       -,       -,       -,       -,       -,       -,       -,       -,       -,       -,       -,       -,-13.04
 GOIABA,       -,       -,       -,       -,       -,       -,1.1,0.64,       -,       -,       -,       -,       -,       -,       -,1.56,0.93
 CARNES,-1.66,-0.13,0.14,0.37,-0.87,1.62,-0.26,-0.68,2.67,0.85,1.28,1.33,0.79,1.24,1.55,0.53,0.08
 FÍGADO,       -,       -,       -,2.22,       -,       -,-1.86,-7.73,2.13,       -,       -,       -,       -,       -,-5.3,       -,-1.09
 CARNE DE PORCO,1.62,2.53,1.22,-0.19,-2.9,2.62,2.59,1.43,2.68,-2.11,0.77,2,0.98,1.64,-0.09,2.13,0.0
 CARNE DE CARNEIRO,       -,       -,       -,       -,       -,       -,       -,-2.43,       -,       -,       -,       -,       -,       -,       -,       -,-2.43
 CUPIM,       -,       -,       -,-0.28,       -,       -,       -,       -,       -,       -,-0.29,       -,       -,       -,       -,       -,-0.29
 CONTRAFILÉ,-2.13,2.66,0.23,-0.78,1.36,1.89,3.36,-2.51,4.48,-0.83,1.98,3.01,3.58,1.67,3.55,4.85,1.27
 FILÉ-MIGNON,0.32,       -,       -,       -,       -,       -,-4.13,       -,       -,0.3,       -,       -,       -,2.09,       -,       -,-0.47
 CHÃ DE DENTRO,-2.48,0.84,1.81,2.39,0.29,0.7,-1.95,-2.47,5.79,-0.06,0.34,1.01,0.63,3,3.54,1.89,0.85
 ALCATRA,-1.4,2.25,2.28,-0.99,0.33,2.79,2.45,2.16,5.87,2.34,2.25,3.21,3.33,-0.07,3.9,0.92,1.49
 PATINHO,-3.72,       -,-1.14,1.47,-2.61,       -,-1.49,0.25,       -,1.62,2.36,-1,3.69,-1.11,2.5,2.09,-1.18
 LAGARTO REDONDO,       -,       -,       -,       -,       -,       -,-0.93,       -,       -,       -,       -,       -,       -,       -,       -,       -,-0.93
 LAGARTO COMUM,       -,2.56,       -,       -,-1.88,       -,       -,       -,6,       -,1.7,       -,-0.32,-0.22,       -,       -,0.5
 MÚSCULO,0.68,-1.4,-0.98,-1.11,1.72,       -,-2.95,       -,-1.57,3.48,-1.12,       -,-1.49,3.42,1.79,0.41,-0.05
 PÁ,       -,-5.08,-1.64,-0.29,-3,       -,-1.9,       -,       -,       -,       -,-0.86,-3.99,0.71,1.57,-2.43,-2.72
 ACÉM,-4.14,-4.56,-1.32,-0.82,-2.02,-3.4,-2.11,-5.28,-2.96,3.44,-1.58,-2.74,0.59,0.53,2.45,-5.82,-2.02
 PEITO,       -,       -,       -,       -,       -,       -,-3.34,       -,       -,       -,       -,       -,3.71,0.32,1.76,1.01,-1.31
 CAPA DE FILÉ,       -,       -,       -,       -,       -,       -,1.5,       -,3.93,1.53,       -,2.71,-0.53,1.36,       -,       -,1.94
 COSTELA,-2.32,-0.46,-2.13,-0.15,-1.27,0.81,-1.82,-0.81,-1.13,3.09,1.25,2.71,0.33,1.63,-2.37,1.85,-0.48
 PICANHA,       -,0.16,-2.51,       -,       -,4.37,       -,1.86,       -,       -,       -,       -,       -,       -,       -,       -,0.6
 PESCADOS,3.68,1.58,1.76,0.46,2.55,-0.95,5.52,-1.98,2.14,7.31,0.39,2.45,1.34,1.1,-0.06,1.26,2.37
 PEIXE-ANCHOVA,       -,       -,       -,0,       -,       -,       -,       -,       -,       -,       -,       -,       -,       -,       -,       -,0.0
 PEIXE-CORVINA,5.98,       -,       -,1.15,       -,       -,       -,       -,2.97,       -,       -,       -,       -,       -,-1.39,2.17,3.55
 PEIXE-TAINHA,       -,       -,       -,       -,       -,       -,       -,       -,       -,       -,       -,       -,       -,       -,-5.67,       -,-5.67
 PEIXE-SARDINHA,       -,1.13,       -,1.79,       -,       -,       -,       -,0.8,       -,       -,       -,       -,       -,       -,       -,1.13
 CAMARÃO,0.16,2.55,       -,1.87,       -,-1.26,-2.11,0.37,3.45,2.25,-2.18,-0.57,       -,       -,2.36,1.55,0.45
 PEIXE-CAVALA,       -,       -,       -,       -,       -,       -,       -,2.64,       -,       -,       -,       -,       -,       -,       -,       -,2.64
 PEIXE-CAÇÃO,       -,       -,       -,       -,-0.46,       -,       -,       -,       -,       -,       -,       -,       -,       -,       -,       -,-0.46
 PEIXE-MERLUZA,       -,       -,2.88,1.6,2.74,       -,       -,       -,3.26,       -,0.58,       -,       -,       -,       -,       -,2.52
 PEIXE-SERRA,       -,       -,       -,       -,       -,       -,       -,1.19,       -,       -,       -,       -,       -,       -,       -,       -,1.19
 PEIXE-PESCADA,       -,       -,       -,       -,-1.23,       -,7.38,       -,       -,       -,       -,       -,       -,       -,1.26,0.02,3.55
 CARANGUEJO,3.68,       -,       -,       -,       -,       -,4.46,       -,       -,       -,       -,       -,       -,       -,       -,       -,4.11
 PEIXE-CASTANHA,       -,       -,       -,0.46,       -,       -,       -,       -,       -,       -,       -,       -,       -,       -,       -,       -,0.46
 PEIXE-PALOMBETA,       -,       -,       -,       -,       -,       -,       -,-3.34,       -,       -,       -,       -,       -,       -,       -,       -,-3.34
 PEIXE-CURIMATÃ,       -,       -,       -,       -,       -,       -,       -,       -,       -,       -,       -,       -,       -,-0.58,       -,       -,-0.58
 PEIXE-SALMÃO,2.26,       -,       -,       -,4.81,1.39,       -,-1.21,0.79,       -,       -,       -,       -,       -,       -,       -,2.97
 PEIXE-TILÁPIA,       -,1.25,1.44,-1.79,4.56,-0.38,       -,-3.08,-1.17,7.95,2.49,-1.92,0.13,       -,       -,0.58,1.93
 PEIXE-TAMBAQUI,       -,       -,       -,       -,       -,-0.25,6.85,       -,       -,       -,0.47,       -,3.34,1.58,-0.23,       -,2.29
 PEIXE-DOURADA,       -,       -,       -,       -,       -,       -,7.62,       -,       -,       -,       -,       -,       -,       -,       -,       -,7.62
 PEIXE-FILHOTE,       -,       -,       -,       -,       -,-7.97,8.37,       -,       -,       -,       -,       -,       -,       -,       -,       -,6.26
 PEIXE-PEROÁ,       -,       -,       -,       -,       -,       -,       -,       -,       -,       -,       -,7.72,       -,       -,       -,       -,7.72
 PEIXE-PINTADO,       -,       -,       -,       -,       -,       -,       -,       -,       -,       -,       -,       -,2.34,       -,       -,       -,2.34
 PEIXE-ARUANÃ,       -,       -,       -,       -,       -,       -,       -,       -,       -,       -,-0.61,       -,       -,       -,       -,       -,-0.61
 CARNES E PEIXES INDUSTRIALIZADOS,0.56,-0.71,2.01,0.74,-0.65,-1.53,-1.04,2.08,-0.26,1.01,1.23,2.71,-1.06,0.49,1.17,0.58,0.12
 PRESUNTO,0.83,-1.59,0.05,       -,-1.48,-1.06,       -,-1.5,3.47,-0.09,-0.83,-0.83,0.09,2.34,       -,-0.41,-0.62
 SALSICHA,       -,0.21,       -,0.81,-2.34,       -,       -,       -,       -,-0.07,       -,       -,       -,1.16,       -,       -,-1.07
 LINGUIÇA,0.6,-0.65,3.03,-0.09,0.16,-2.73,1.51,2.96,-1.18,2.12,1.79,3.72,-2.21,-0.01,1.59,0,0.71
 MORTADELA,-0.95,       -,-2.12,-1.26,-2.05,       -,       -,1.94,       -,-1.47,1.29,       -,2.56,       -,       -,       -,-1.37
 SALAME,       -,-0.46,       -,       -,       -,       -,       -,       -,       -,       -,       -,       -,       -,       -,       -,       -,-0.46
 BACALHAU,2.2,       -,       -,       -,       -,       -,       -,       -,       -,       -,       -,       -,       -,       -,2.86,       -,2.28
 CARNE-SECA E DE SOL,-0.36,       -,       -,1.36,       -,1.1,-2.47,2.51,-0.24,       -,       -,-2.19,       -,       -,-0.34,1.09,-0.15
 CARNE DE PORCO SALGADA E DEFUMADA,       -,       -,3.92,       -,       -,       -,       -,       -,       -,       -,-0.33,3.5,       -,       -,       -,       -,2.9
 AVES E OVOS,1.14,-0.79,2.04,0.87,-0.63,1.14,0.85,-0.21,0.63,1.62,1.5,1.65,-2.23,0.89,-0.17,1.12,0.44
 FRANGO INTEIRO,1.04,-0.51,2.55,1.05,-1.02,3.33,1.34,0.68,0.15,-2.27,1.93,3,-1.24,1.47,-0.18,1.36,0.59
 FRANGO EM PEDAÇOS,1.99,-1.81,3.14,0.04,0.96,1.43,1.73,1.32,1.75,4.32,1.14,1.55,0.1,-0.07,1.06,1.13,1.34
 OVO DE GALINHA,-1.2,2.27,-0.73,1.68,-4.57,-2.1,-1.81,-3.93,-0.78,-1.74,1.84,-0.26,-7.43,-0.03,-1.27,0.68,-1.81
 LEITES E DERIVADOS,-0.91,0.08,0.55,-1.38,2.24,-0.33,0.04,0.51,-1.09,-0.26,0.99,0.94,0.07,-0.38,-0.89,-2.43,0.56
 LEITE LONGA VIDA,-2.88,0.71,0.72,-0.65,2.81,0.53,-3.78,-0.42,-3.82,-0.52,0.74,1.69,-0.34,0.56,-2.96,-2.78,0.71
 LEITE CONDENSADO,1.23,2.09,       -,       -,       -,       -,2.14,       -,       -,       -,       -,       -,       -,-0.57,       -,       -,1.72
 LEITE EM PÓ,-0.64,       -,1.36,-0.88,0.06,       -,0.22,1.25,-2.07,-1.85,-1.69,1.01,-1.02,-0.62,-0.2,-2.22,-0.48
 QUEIJO,0.35,-1.08,1.09,-2.99,2.84,-1.95,-0.11,1.34,1.36,0.51,2.06,0.43,0.25,-2.12,-2.69,-3.2,0.95
 IOGURTE E BEBIDAS LÁCTEAS,0.01,-0.08,-0.62,2.48,0.25,1.9,1.7,-0.21,2.49,-0.44,1.44,-0.26,2.61,-1.34,1.66,-2.46,0.39
 REQUEIJÃO,-1.42,       -,-0.54,       -,0,       -,       -,       -,       -,       -,       -,       -,       -,       -,       -,       -,-0.38
 MANTEIGA,0.86,       -,-0.72,0.86,       -,0.39,0.55,0.23,-0.82,       -,0.57,0.07,       -,-1.1,       -,1.27,0.07
 LEITE FERMENTADO,       -,       -,       -,       -,       -,       -,       -,       -,       -,-0.63,       -,       -,       -,       -,       -,       -,-0.63
 PANIFICADOS,-0.26,1.18,0.66,-0.32,-1.03,-0.35,1.31,0.67,-0.89,0.64,0.66,0.08,0.2,-1.26,1.82,-1.33,-0.06
 BISCOITO,-1.07,0.42,0.61,-1.13,0.17,-0.73,0.09,0.85,-0.13,-0.57,0.12,0.75,2.21,0.26,0.12,-1.28,-0.01
 PÃO FRANCÊS,0.05,1.02,0.04,-0.27,-1.95,0.52,1.93,0.5,-1.75,0.64,1.61,-0.11,-1.15,-1.89,2.86,-1.22,-0.34
 PÃO DOCE,-1.27,-1.05,1.71,       -,-0.64,       -,       -,       -,-0.19,2.7,       -,0.56,1.65,       -,       -,       -,0.05
 PÃO DE FORMA,0.54,5.35,3.58,       -,-0.68,-1.47,       -,       -,       -,3.11,       -,0.24,       -,       -,       -,       -,1.13
 BOLO,0.71,0.32,1.42,3.21,-0.65,-2.26,0.93,1.5,3.64,-0.05,0.45,-2.48,2.96,0,0.1,-2.71,0.28
 PÃO DE QUEIJO,       -,       -,1.58,       -,       -,-0.2,       -,       -,       -,       -,-1.74,       -,       -,       -,       -,       -,0.39
 ÓLEOS E GORDURAS,1.54,3.45,0.05,0.8,2.45,2.15,5.56,1.98,2.38,1.41,1.48,6.35,-1.84,4.62,2.02,2.11,2.11
 ÓLEO DE SOJA,0.95,4.97,1.07,1.67,3.45,1.07,9.28,2.52,3.59,0.94,1.6,6.74,-1.76,5.19,3.64,5.27,2.84
 AZEITE DE OLIVA,4.68,       -,       -,       -,3.56,3.46,4.87,       -,3.6,5.21,       -,5.7,0.56,2.49,       -,       -,4.04
 MARGARINA,-2.05,0.91,-3.26,-0.15,-0.9,       -,-1.21,1.3,-0.92,-0.98,1.01,       -,-5.24,       -,-1.82,-1.61,-0.94
 BEBIDAS E INFUSÕES,0.29,0.05,-0.03,-1.3,0.94,0.85,7.06,1.09,0.4,0.4,0.65,1.82,0.1,2.28,2.25,0.58,1.01
 SUCO DE FRUTAS,-2.53,-1.25,2.17,-2.23,0.83,0.54,       -,-0.49,       -,0.95,0.29,1.45,0.25,       -,       -,       -,-0.03
 POLPA DE FRUTA (CONGELADA),       -,       -,       -,       -,       -,       -,-1.27,0.69,1.01,       -,       -,       -,       -,3.64,4.07,       -,0.86
 AÇAÍ (EMULSÃO),       -,       -,       -,       -,       -,       -,15.62,       -,       -,       -,       -,       -,       -,11.17,5.31,       -,14.96
 CAFÉ MOÍDO,3.51,-2.67,-0.23,-1.6,0.6,0.1,1.8,2.48,0.83,0.65,0.42,3.6,-0.46,-0.14,3.02,1.18,0.8
 CAFÉ SOLÚVEL,       -,2.88,       -,       -,       -,       -,       -,       -,       -,       -,       -,       -,       -,       -,       -,       -,2.88
 REFRIGERANTE E ÁGUA MINERAL,-0.66,0.47,-0.74,-1.09,1.1,1.08,0.14,0.76,1.16,1.62,0.63,2.01,1.26,1.98,0.75,0.44,0.56
 CERVEJA,-0.1,-0.47,0.39,-1.31,1.26,1.36,1.05,-1.23,-1.34,-1.06,0.86,0.24,0.11,       -,-1.66,0.28,0.27
 OUTRAS BEBIDAS ALCOÓLICAS,       -,       -,       -,       -,       -,       -,2.74,       -,       -,0.76,       -,       -,       -,       -,       -,       -,2.27
 VINHO,1.03,-0.9,       -,       -,0.3,       -,       -,       -,       -,-0.31,       -,       -,       -,       -,       -,       -,0.14
 SUCO EM PÓ,       -,2.44,-0.95,       -,0.84,       -,       -,       -,       -,-1.59,       -,       -,-0.49,-0.86,       -,       -,0.29
 CHÁ MATE (ERVA MATE),       -,1.73,       -,       -,       -,       -,       -,       -,       -,2.23,       -,       -,-1.67,       -,       -,       -,1.57
 ENLATADOS E CONSERVAS,1.47,0.88,-0.57,-1.86,0.24,0.6,0.12,1.08,-0.6,-1.62,0.61,1.15,0.25,-0.62,1.96,-1.26,0.05
 ALIMENTO INFANTIL,       -,       -,       -,       -,       -,       -,1.15,       -,       -,       -,       -,       -,       -,       -,       -,       -,1.15
 PALMITO EM CONSERVA,       -,       -,-0.31,       -,1.69,4.86,       -,       -,       -,-1.73,1.57,       -,       -,       -,       -,       -,1.21
 PEPINO EM CONSERVA,       -,0.71,       -,       -,       -,       -,       -,       -,       -,       -,       -,       -,       -,       -,       -,       -,0.71
 SARDINHA EM CONSERVA,2.38,-0.07,-0.69,-2.09,-0.46,0.69,-1.16,0.7,-0.92,0.12,       -,1.98,0.55,0.36,2.28,-0.63,-0.06
 SALSICHA EM CONSERVA,       -,       -,       -,       -,       -,       -,-0.3,       -,       -,       -,       -,       -,       -,       -,       -,       -,-0.3
 SOPA DESIDRATADA,       -,       -,       -,       -,       -,       -,       -,       -,       -,-5.02,       -,       -,-0.83,       -,       -,       -,-4.39
 AZEITONA,2.62,4.04,1.94,-1,0.9,0.75,       -,3.07,-1.05,-3.18,0.16,2.03,3.32,-2.16,       -,       -,0.84
 MILHO-VERDE EM CONSERVA,-0.37,3.4,-2.5,-1.56,-2.11,       -,0.43,0.2,-1.68,-2.02,0.3,-0.78,-1.42,-0.71,-0.31,-2.66,-0.88
 ATUM EM CONSERVA,0.23,-3.73,       -,-2.26,0.08,-1.53,       -,       -,2.36,0.64,       -,       -,       -,       -,       -,       -,-0.28
 SAL E CONDIMENTOS,-1.34,0.05,-0.77,0.73,-0.53,-0.14,1.39,-0.58,-1.27,-0.05,-0.92,-0.26,-1.02,0.61,0.19,0.82,-0.46
 LEITE DE COCO,       -,       -,       -,       -,       -,       -,       -,       -,-0.18,       -,       -,       -,       -,       -,       -,       -,-0.18
 ATOMATADO,-0.19,-2.43,-0.04,1.33,0.94,-0.17,-2.73,2.59,0.11,-0.79,-0.07,0.74,-2.75,1.2,-1.23,0.72,-0.06
 ALHO,-3.29,       -,-2.76,-2.45,-3.41,-2.42,5.65,-3.51,-3.83,3.1,-2.62,-0.96,-0.37,0.19,1.67,2.17,-2.23
 SAL,2.11,       -,       -,       -,       -,       -,       -,       -,       -,       -,       -,       -,-2.18,1.35,-1.99,2.67,1.03
 COLORAU,       -,       -,       -,       -,       -,       -,       -,3.01,       -,       -,       -,       -,       -,       -,       -,       -,3.01
 CALDO DE TUCUPI,       -,       -,       -,       -,       -,       -,2.45,       -,       -,       -,       -,       -,       -,       -,       -,       -,2.45
 FERMENTO,       -,-0.18,       -,       -,       -,       -,       -,       -,       -,-3.02,       -,       -,       -,       -,       -,       -,-1.82
 MAIONESE,1.05,3.71,0.44,1.88,-2.42,2.07,3.68,-1.5,       -,-0.48,       -,0.54,1.49,0.12,       -,       -,-0.11
 VINAGRE,       -,-0.17,       -,-1.47,1.58,0.7,-0.38,       -,1.14,       -,       -,       -,       -,       -,-2.57,-1.68,0.53
 CALDO CONCENTRADO,       -,0.33,       -,3.59,       -,       -,       -,-0.48,-1.23,       -,-0.43,-0.74,       -,       -,       -,       -,0.26
 TEMPERO MISTO,       -,0.66,-0.04,2.62,1.85,1.64,0.24,2.32,0.1,0.15,0.25,0.49,-0.44,0.98,1.65,-1.13,1.13
 ALIMENTAÇÃO FORA DO DOMICÍLIO,0.01,0.4,0.43,0.11,0.09,-0.02,0.32,0.57,0.35,0.7,0.29,0.8,0.34,0.58,0.13,0.32,0.25
 ALIMENTAÇÃO FORA DO DOMICÍLIO,0.01,0.4,0.43,0.11,0.09,-0.02,0.32,0.57,0.35,0.7,0.29,0.8,0.34,0.58,0.13,0.32,0.25
 REFEIÇÃO,-0.16,0.55,0.09,-0.01,-0.01,-0.45,0.47,0.68,0.53,0.73,-0.08,1.01,0.79,0.55,0.93,0,0.17
 LANCHE,0.11,0.06,0.88,0.03,0.35,0.9,0.04,-0.07,-0.75,0.58,0.77,0.49,-0.37,0.98,-1.37,1.04,0.32
 REFRIGERANTE E ÁGUA MINERAL,0.26,-0.41,2,0.85,0.8,0.72,-0.15,2.94,0.41,2.38,0.48,0.35,-0.05,0.08,0.74,0.25,0.82
 CAFEZINHO,       -,0.85,       -,       -,1.14,       -,       -,       -,       -,       -,       -,       -,       -,       -,       -,       -,1.07
 CERVEJA,2.82,0.41,1,1.46,-1.83,0.13,0.4,2.28,2.1,0.69,0.78,0.77,0.1,-0.84,0.79,0.67,0.34
 OUTRAS BEBIDAS ALCOÓLICAS,       -,       -,       -,0.65,       -,       -,       -,       -,       -,       -,       -,1.39,0.7,       -,2.66,       -,1.14
 VINHO,-2.78,       -,       -,       -,       -,       -,       -,       -,       -,       -,       -,       -,       -,       -,       -,       -,-2.78
 DOCES,       -,       -,       -,       -,       -,       -,       -,       -,       -,       -,-2.36,       -,       -,       -,       -,1.71,-1.61
 SORVETE,       -,       -,       -,       -,2.34,       -,       -,-0.27,0.25,0.35,0.08,       -,1.43,-0.26,       -,-0.16,1.26
 HABITAÇÃO,0.19,-0.07,1.2,0.53,0.6,-0.39,0.17,0.39,-2.26,0.01,-0.91,-0.1,1.03,2.3,2.19,0.58,0.25
 ENCARGOS E MANUTENÇÃO,0.41,-0.17,1.64,0.18,0.78,0.08,-0.41,0.74,0.53,0.11,-0.12,-0.02,1.91,-0.14,4.84,0.8,0.59
 ALUGUEL E TAXAS,0.55,-0.02,2.1,0.26,0.84,0.05,-0.58,0.95,0.46,0.1,-0.04,0.12,2.16,0.11,9.08,0.84,0.71
 ALUGUEL RESIDENCIAL,0.34,0.01,0.91,0.1,0.86,0.28,-0.13,0.77,0.66,0,-0.25,-0.11,0.97,0.03,-0.82,0.89,0.53
 CONDOMÍNIO,1.07,-0.1,0.95,0.79,1.28,-0.25,-1.64,2.91,0.58,0.49,0.52,0.66,1.16,1.56,0.71,1.73,0.89
 TAXA DE ÁGUA E ESGOTO,0,0,5.55,0,0,0,0,0,0,0,0,0,3.65,0,25.61,0,0.83
 MUDANÇA,       -,       -,       -,       -,       -,       -,       -,       -,       -,       -,       -,       -,-0.95,       -,       -,       -,-0.95
 REPAROS,-0.06,-0.05,0.36,0.46,0.67,0.34,-0.05,0.12,0.9,0.54,-0.55,-0.76,0.64,0.19,0.54,0.84,0.39
 FERRAGENS,       -,       -,       -,       -,       -,       -,-1.26,       -,       -,       -,0.67,       -,       -,-1.67,       -,       -,-0.75
 MATERIAL DE ELETRICIDADE,       -,       -,       -,       -,       -,-0.64,       -,       -,       -,0.37,       -,       -,       -,       -,1.91,       -,0.13
 VIDRO,       -,       -,       -,       -,       -,0.19,       -,       -,       -,       -,       -,       -,       -,       -,       -,       -,0.19
 TINTA,-1.63,0.68,0.61,-0.91,-0.07,0.58,0.74,1.71,2.23,0.96,0.38,0.1,1.22,-0.05,-0.74,0.48,0.13
 REVESTIMENTO DE PISO E PAREDE,0.78,-1.87,-0.94,0.67,2.6,       -,-0.8,-0.7,-0.14,0.54,-2.78,-2.92,       -,-1.35,0.88,1.28,0.7
 MADEIRA E TACO,       -,-0.07,       -,       -,       -,       -,       -,0.2,       -,       -,       -,       -,       -,2.34,0,       -,0.13
 CIMENTO,       -,       -,       -,1.63,       -,       -,-0.74,-1.6,2.06,       -,       -,-0.62,-2.12,-0.78,1.16,       -,0.16
 TIJOLO,0.47,       -,       -,       -,       -,       -,-0.51,       -,       -,       -,1.31,1.08,       -,0.84,1.5,       -,0.53
 MATERIAL HIDRÁULICO,       -,       -,       -,       -,-1.81,       -,       -,       -,2.14,       -,       -,       -,1.14,       -,       -,       -,-1.33
 MÃO DE OBRA,0.58,0.58,0.58,0.58,0.58,0.58,0.58,0.58,0.58,0.58,0.58,0.58,0.58,0.58,0.58,0.58,0.58
 AREIA,0.13,       -,       -,       -,       -,       -,       -,       -,       -,       -,-0.62,       -,       -,       -,-0.37,       -,-0.1
 PEDRAS,       -,       -,       -,       -,       -,       -,       -,       -,       -,       -,       -,       -,       -,3.82,       -,       -,3.82
 TELHA,       -,0.02,0.76,0.1,       -,       -,1.31,       -,       -,-0.9,       -,       -,       -,       -,-0.83,       -,0.02
 ARTIGOS DE LIMPEZA,-0.64,-1.52,-0.63,-0.67,0.4,0.19,0.03,-0.28,0.52,-0.44,-0.37,-0.17,1.26,-1.43,-0.22,0.44,-0.16
 SACO PARA LIXO,       -,0.85,       -,       -,       -,       -,       -,       -,       -,       -,       -,       -,0.74,       -,       -,       -,0.83
 ÁGUA SANITÁRIA,-3.54,-2.62,0.94,-3.02,-1.52,-1.98,-1.05,0.58,1.49,       -,0.77,       -,-0.48,1.09,2.66,1.23,-0.9
 DETERGENTE,1.23,-2.04,-1.75,-1.13,1.83,0.01,0.08,-0.85,2.47,-0.03,-1.36,0.6,3.22,-0.74,       -,0.23,0.48
 SABÃO EM PÓ,-2.28,-2.01,-0.34,-0.06,0.03,2.18,-0.34,-0.14,-0.34,-2.42,-0.18,0.44,1.05,-1.74,-0.76,1.24,-0.59
 DESINFETANTE,0.72,-0.62,0.74,-2.09,0.31,-0.1,0.9,-0.23,1.41,0.11,0.82,-2.56,       -,       -,-0.19,       -,0.22
 SABÃO EM BARRA,2.01,       -,-1.55,-1.37,       -,       -,0.65,-2.61,0.19,       -,       -,-2.04,-3.14,-3.33,-1.31,-0.89,-0.76
 ESPONJA DE LIMPEZA,       -,       -,       -,       -,       -,       -,       -,       -,       -,1.12,       -,-3.24,       -,       -,       -,       -,0.6
 SABÃO LÍQUIDO,       -,       -,       -,       -,       -,-0.91,       -,       -,       -,0.71,       -,       -,       -,       -,       -,0.11,0.29
 LIMPADOR MULTIUSO,       -,2.53,       -,       -,0.87,-1.49,       -,       -,       -,0.47,       -,       -,       -,       -,       -,       -,0.91
 PAPEL TOALHA,1.01,       -,       -,       -,       -,       -,       -,       -,       -,       -,       -,       -,       -,       -,       -,       -,1.01
 AMACIANTE E ALVEJANTE,-0.55,-1.78,-0.94,2.2,0,-0.12,0.19,0.95,-1.18,1.45,-0.83,0.34,2.22,-0.6,0.82,-0.81,-0.17
 COMBUSTÍVEIS E ENERGIA,-0.14,0.1,0.52,0.99,0.14,-1.64,0.62,-0.17,-5.81,-0.2,-2.28,-0.22,0.03,3.75,-0.04,0.22,-0.37
 COMBUSTÍVEIS (DOMÉSTICOS),-0.46,1.48,1.01,-1.15,0.99,0.34,-0.21,0.08,1.82,-1.02,-0.32,-0.21,0.13,-0.36,-1.02,0.73,0.4
 CARVÃO VEGETAL,       -,       -,       -,       -,       -,       -,1.93,       -,       -,       -,       -,       -,       -,       -,1.93,       -,1.93
 GÁS DE BOTIJÃO,-0.46,1.48,1.01,-1.15,0.59,0.34,-0.28,0.08,1.82,0.24,-0.32,-0.21,0.13,-0.36,-1.23,0.73,0.42
 GÁS ENCANADO,-0.46,       -,       -,       -,2.27,       -,       -,       -,       -,-6.38,       -,       -,       -,       -,       -,       -,0.22
 ENERGIA ELÉTRICA RESIDENCIAL,-0.05,-0.36,0.35,1.79,-0.15,-2.08,0.87,-0.27,-9.11,0.18,-2.9,-0.23,0,5,0.47,0,-0.64
 ENERGIA ELÉTRICA RESIDENCIAL,-0.05,-0.36,0.35,1.79,-0.15,-2.08,0.87,-0.27,-9.11,0.18,-2.9,-0.23,0,5,0.47,0,-0.64
 ARTIGOS DE RESIDÊNCIA,0.59,-0.77,0.76,0.04,0.36,-0.64,0.87,0.85,-0.31,0.22,-0.23,0.05,0.11,0.39,0.72,1.47,0.22
 MÓVEIS E UTENSÍLIOS,0.22,-0.83,0.87,-1.13,-0.31,-1.82,0.78,1.17,-1.08,0.63,-0.93,0.26,-0.07,-0.44,0.61,1.22,-0.15
 MOBILIÁRIO,0.61,-0.76,1.2,-1.09,-0.71,-2.2,1.97,1.94,-1.47,0.68,-1.32,-0.07,-0.54,-0.45,0.71,2,-0.2
 MÓVEL PARA SALA,1.12,-1,1.26,0.58,-0.35,-2.51,1.53,0.52,-1.99,-0.53,-0.99,0.92,-1.78,1.63,2.75,2.52,-0.17
 MÓVEL PARA QUARTO,-0.39,0.32,1.49,-1.67,-1.57,-1.75,2.79,2.61,-1.59,2.09,-2.4,0.17,-1.6,-1.14,1.26,2.06,-0.3
 MÓVEL PARA COPA E COZINHA,2.01,-1.65,0.41,-0.93,0.54,-2.92,0.94,1.84,-0.59,-0.59,-0.73,-1.89,2.66,0.15,-2.11,1.55,-0.06
 MÓVEL INFANTIL,       -,       -,       -,-2.56,       -,       -,       -,2.59,-1.09,1.91,0.87,       -,0.22,-2.68,-2.09,0.86,0.2
 COLCHÃO,       -,-1.18,0.85,       -,       -,       -,       -,       -,       -,       -,       -,       -,       -,       -,       -,       -,-0.2
 UTENSÍLIOS E ENFEITES,-0.82,0.19,-0.21,-0.98,0.78,-0.38,-0.42,-1.93,-0.31,0.35,0.46,0.51,1.01,-0.83,0.94,-0.72,0.11
 ARTIGOS DE ILUMINAÇÃO,-3.15,-1.53,1.42,-1.06,-1.3,0.98,0.53,-3.39,0.69,-0.62,       -,       -,0.21,       -,0.96,-3.21,-0.81
 TAPETE,0.71,-2.3,       -,       -,1.02,1.62,0.23,       -,-1.93,1.9,-1.01,1.52,0.25,       -,       -,       -,0.23
 CORTINA,-3.11,2.88,-0.15,-1.85,1.95,1.45,       -,-5.24,-1.65,-1.01,-0.5,2.14,       -,       -,       -,       -,0.23
 UTENSÍLIOS DE METAL,1.15,1.01,-0.89,-0.69,0.63,-1.87,1.69,-2.85,1.01,0.94,1.77,-0.42,1.83,-2.25,1.54,-0.51,0.43
 UTENSÍLIOS DE VIDRO E LOUÇA,       -,       -,-0.27,1.48,1.73,-2.12,-3.6,0.86,-1.66,0.37,       -,-2.53,0.6,2.5,-1.62,1.96,0.2
 UTENSÍLIOS DE PLÁSTICO,       -,       -,       -,       -,       -,       -,-1.49,       -,       -,       -,0.1,       -,       -,       -,2.34,-1.76,-0.55
 FLORES NATURAIS,       -,-1.23,       -,       -,       -,       -,       -,       -,       -,       -,       -,       -,       -,       -,       -,       -,-1.23
 UTENSÍLIOS PARA BEBÊ,       -,       -,-0.11,-3.66,       -,       -,       -,3.75,       -,       -,1.11,0.51,0.22,1.43,       -,       -,0.22
" CAMA, MESA E BANHO",0.57,-3.31,1.07,-1.81,0.13,-2.64,-2.31,0.74,-0.78,1.08,-2.91,1.4,0.13,0.51,-0.53,0.44,-0.43
 ROUPA DE CAMA,0.57,-3.31,1.07,-2.92,0.13,-2.64,-2.31,1.18,-0.78,1.08,-2.91,1.4,0.49,0.64,-0.53,0.44,-0.45
 ROUPA DE BANHO,       -,       -,       -,1.25,       -,       -,       -,-0.23,       -,       -,       -,       -,-0.69,0.02,       -,       -,0.2
 APARELHOS ELETROELETRÔNICOS,0.55,-1.06,0.45,1.39,1.4,1.05,0.88,0.69,0.23,-0.24,0.7,-0.22,0.3,1.03,0.83,2.17,0.64
 ELETRODOMÉSTICOS E EQUIPAMENTOS,1.55,0.44,0.95,2.2,1.21,1.68,1.49,2.12,0.49,-0.41,1.47,0.56,2.07,1.64,1.33,1.8,1.07
 REFRIGERADOR,0.24,1.24,2.72,1.93,0.58,1.91,-0.61,2.65,1.48,0.29,1.72,1.51,1.92,1.72,-0.17,3.23,1.11
 AR-CONDICIONADO,7.01,-0.73,       -,7.75,-0.64,4.89,5.23,0.63,1.94,6.59,5.27,3.97,5.48,1.07,       -,3.64,2.45
 MÁQUINA DE LAVAR ROUPA,-1.68,-1.26,-0.75,-0.06,1.84,0.88,1.9,2.19,0.74,-2.96,-2.12,-1.86,-1.72,0.84,0.58,-1.22,0.06
 VENTILADOR,       -,       -,       -,3.3,       -,       -,3.11,0.6,       -,       -,       -,       -,4.22,2.07,4.67,2.84,3.05
 FOGÃO,2.76,3.5,0.16,0.04,2.53,-0.7,2.61,2.7,-2.75,-1.86,1.99,-0.41,2.48,2.42,2.04,-0.59,1.25
 CHUVEIRO ELÉTRICO,       -,       -,0.8,       -,       -,       -,       -,       -,       -,       -,       -,       -,       -,       -,       -,       -,0.8
" TV, SOM E INFORMÁTICA",-0.72,-3.82,-0.26,0.36,1.68,0.22,0.1,-1.1,-0.23,0.02,-0.7,-1.5,-3.16,-0.42,0.11,2.63,0.0
 TELEVISOR,-0.53,-4.71,-1.7,-2.22,1.72,-0.65,0.81,-1.26,0.5,-0.81,1.05,-2.12,-3.9,-0.62,0.08,2.39,-0.31
 APARELHO DE SOM,       -,       -,       -,0.36,       -,       -,       -,       -,-1.29,       -,       -,       -,       -,       -,0.11,2.63,-0.28
 VIDEOGAME (CONSOLE),       -,       -,       -,2.23,       -,       -,       -,       -,       -,       -,       -,       -,       -,       -,       -,       -,2.23
 COMPUTADOR PESSOAL,-1.07,-2,2.07,3.17,1.61,1.08,-1.24,-0.89,-1.32,1.18,-2.84,-0.37,-1.7,-0.01,0.21,3.02,0.48
 CONSERTOS E MANUTENÇÃO,2.59,1.71,1.63,-0.07,-0.67,-0.22,1.22,-0.37,1.76,0,-1.05,0.26,0.23,1.12,0.73,-0.39,0.29
 CONSERTOS E MANUTENÇÃO,2.59,1.71,1.63,-0.07,-0.67,-0.22,1.22,-0.37,1.76,0,-1.05,0.26,0.23,1.12,0.73,-0.39,0.29
 CONSERTO DE REFRIGERADOR,       -,1.17,       -,2.89,       -,       -,0.15,       -,1.96,       -,-0.93,       -,       -,       -,0,       -,0.62
 CONSERTO DE TELEVISOR,       -,       -,       -,       -,       -,       -,-0.27,       -,       -,       -,       -,       -,       -,       -,       -,       -,-0.27
 CONSERTO DE MÁQUINA DE LAVAR ROUPA,       -,1.07,       -,       -,       -,       -,       -,       -,       -,       -,       -,       -,       -,       -,       -,       -,1.07
 REFORMA DE ESTOFADO,-0.25,2.76,0.94,-0.86,-0.95,-0.64,       -,0,0.38,       -,       -,0,-0.78,0.09,       -,1.1,-0.17
 CONSERTO DE APARELHO CELULAR,       -,1.99,-0.23,0.22,-0.78,0.23,-0.96,2.68,2.61,0.5,-0.35,0.91,-2.82,1.74,0.5,-1.56,0.23
 CONSERTO DE BICICLETA,3.07,1.61,2.85,-1.37,-0.6,0.07,3.42,-2.27,2.03,-0.13,-1.36,0.2,2.63,1.17,1.34,-0.37,0.38
 VESTUÁRIO,-0.18,-0.29,0,-0.29,0.45,-1.58,0.52,-0.61,0.15,0.75,0.54,-0.5,1.48,0.1,0.41,-0.13,0.14
 ROUPAS,-0.15,-0.96,-0.1,-0.83,0.29,-2.01,0.61,-1.45,0.11,0.4,0.17,-1.29,1.27,0,0.28,-0.18,-0.11
 ROUPA MASCULINA,1.42,0.07,0.72,-1.71,0.71,-2.27,0.96,-1.12,0.64,-0.5,0.75,-1.18,1.85,0.02,1.5,0.51,0.33
 CALÇA COMPRIDA MASCULINA,1.83,-1.5,0.63,-2.94,-0.66,-1.63,0.03,-1.9,-0.13,-2.81,-0.73,-1.99,1.15,-2.5,1.78,-0.02,-0.74
 AGASALHO MASCULINO,       -,0.07,       -,       -,       -,       -,       -,       -,       -,-1.15,       -,       -,       -,       -,       -,       -,-0.36
 BERMUDA/SHORT MASCULINO,-0.48,1.25,0.05,-2.25,-1.14,-0.92,0.6,0.92,-0.11,0.49,1.58,-1.91,1.88,1.82,0.23,-0.23,-0.18
 CUECA,       -,       -,       -,       -,       -,       -,0.97,       -,       -,       -,       -,       -,       -,0.55,0.27,       -,0.76
 CAMISA/CAMISETA MASCULINA,1.86,0.7,0.95,-0.87,1.74,-2.78,1.59,-1.68,1.37,0.75,1.35,-0.58,2.24,0.88,2.34,1.03,1.0
 ROUPA FEMININA,-1.35,-1.71,-0.99,-0.52,-0.14,-2.22,0.94,-2.15,-0.02,0.69,-0.16,-2.08,0.84,0.09,-1.09,-1.1,-0.57
 CALÇA COMPRIDA FEMININA,-1.96,0.28,-2.28,-2.45,-2.43,-2.93,1.72,-2.17,-1.21,0.34,-0.27,-1.2,-0.16,0.46,-2.16,-1.91,-1.47
 AGASALHO FEMININO,       -,-1.71,0.97,       -,       -,       -,       -,       -,       -,-2.28,       -,       -,0.84,       -,       -,       -,-0.96
 SAIA,       -,       -,       -,-0.69,       -,       -,1.46,       -,       -,       -,       -,       -,       -,-1.73,-1.16,1.06,0.06
 VESTIDO,-0.9,-2.86,-1.98,0.19,0.43,-2.83,-1.08,-2.47,-0.17,1.06,1.18,-2.69,0.64,1.67,-2.7,0.25,-0.64
 BLUSA,-1.61,-2.86,0.3,-0.01,0.44,-1.52,1.88,-2.1,0.04,1.19,-1.12,-2.43,1.48,-0.36,0.85,-2.93,-0.28
 LINGERIE,       -,-2.16,-1.13,-1.32,1.92,       -,1.18,-2.84,1.55,0.35,-0.97,       -,1.34,-0.58,0.74,1.18,0.47
 BERMUDA/SHORT FEMININO,0.04,       -,-0.84,0.87,       -,       -,1.69,-1.46,0.72,-0.17,1.72,-0.3,1.45,-1.79,-1.6,1.38,0.22
 ROUPA INFANTIL,-0.58,-1.1,0.59,0.35,0.48,-1.05,-0.94,-0.2,-0.75,1.37,-0.3,0.29,1.18,-0.24,0.39,0.51,0.09
 UNIFORME ESCOLAR,       -,       -,3.11,3.73,3.53,0.93,-1.78,0.76,       -,1.08,1.82,2.33,       -,       -,2.74,2.79,2.12
 CALÇA COMPRIDA INFANTIL,       -,-0.69,-2.27,       -,-1.33,-2.52,       -,       -,-1.46,2.24,-0.35,       -,1.82,-2.7,-0.42,       -,-0.93
 AGASALHO INFANTIL,       -,-1.1,       -,       -,       -,       -,       -,       -,       -,       -,       -,       -,       -,       -,       -,       -,-1.1
 VESTIDO INFANTIL,-2.6,0.45,1.8,-2.97,       -,-2.56,0.32,0.27,-1.11,       -,0.03,-2.95,0.95,1.76,0.76,0.99,-0.31
 BERMUDA/SHORT INFANTIL,-0.61,       -,       -,1.63,-1.09,       -,-1.3,-0.1,-0.35,       -,       -,-0.58,-1.18,-0.83,1.17,-1.59,-0.61
 CAMISA/CAMISETA INFANTIL,-0.38,-0.91,0.55,0.02,0.27,-1.47,-1.96,-0.05,-1.16,1.1,-1.4,0.72,1.59,-0.46,0.21,0.98,-0.05
 CONJUNTO INFANTIL,0.02,-2.86,0.52,0.16,0.85,-1.22,0.17,-1.27,0.23,1.61,-1.18,0.85,1.96,1.4,-1.85,-1.32,0.14
 CALÇADOS E ACESSÓRIOS,-0.09,1.06,0.27,0.99,0.76,-0.48,0.3,1.15,0.46,1.6,1.45,1.6,2.12,0.58,0.67,-0.15,0.73
 CALÇADOS E ACESSÓRIOS,-0.09,1.06,0.27,0.99,0.76,-0.48,0.3,1.15,0.46,1.6,1.45,1.6,2.12,0.58,0.67,-0.15,0.73
 SAPATO MASCULINO,-0.16,-0.53,-1.36,0.09,0.14,1.91,1.89,0.45,0.72,1.61,2.07,1.4,0.4,-0.31,1.33,-1.56,0.43
 SAPATO FEMININO,-0.51,0.86,2.03,1.99,-0.62,0.75,0.71,1.1,-1.66,2.22,2.08,0.94,2.8,0.97,2.41,-1.2,0.53
 SAPATO INFANTIL,       -,       -,       -,2.85,       -,       -,1.19,       -,0.7,0.65,1.48,       -,1.32,1.5,2.19,0.85,1.26
 BOLSA,-0.75,1.45,-1.45,1.82,       -,-2.44,-2.12,-2.45,0.79,1.51,-2.81,       -,2.71,1.33,-2.79,-2.16,-0.51
 MOCHILA,       -,       -,       -,2.41,       -,       -,-0.93,0.67,       -,       -,       -,       -,       -,0.5,1.54,       -,0.84
 TÊNIS,0.17,1.84,0.75,1.37,1.62,-1.9,-1.55,2.42,2.03,1.43,2.02,1.98,2.78,1.14,1.96,2.43,1.33
 SANDÁLIA/CHINELO,0.35,-0.27,-1.03,-0.59,0.43,-1.34,1.4,1.61,-0.33,1.32,0.57,1.56,1.7,-0.22,-0.78,-0.94,0.15
 JOIAS E BIJUTERIAS,-1,1.08,-0.13,-0.2,1.45,-1.3,0,2.69,-1.44,1.66,1.37,0.33,1.31,-0.49,0.41,0.25,0.52
 JOIAS E BIJUTERIAS,-1,1.08,-0.13,-0.2,1.45,-1.3,0,2.69,-1.44,1.66,1.37,0.33,1.31,-0.49,0.41,0.25,0.52
 BIJUTERIA,       -,       -,0.08,       -,       -,-2.22,       -,       -,-1.24,       -,       -,       -,       -,       -,       -,-0.16,-0.8
 JOIA,-1.85,1.05,-0.22,0.68,1.72,-0.94,0.24,2.61,       -,1.61,1.84,0.08,1.31,0.88,0.21,1.76,0.8
 RELÓGIO DE PULSO,0.72,1.15,       -,-1.38,0.6,       -,-0.59,2.84,-1.67,1.83,-0.81,0.87,       -,-1.33,1.03,-1.41,0.21
 TECIDOS E ARMARINHO,-1.27,2.32,0.88,-2.27,-0.62,0.65,0.95,-2.98,0.2,-1.1,-1.47,-0.85,0.31,-2.09,1.34,1.81,-0.2
 TECIDOS E ARMARINHO,-1.27,2.32,0.88,-2.27,-0.62,0.65,0.95,-2.98,0.2,-1.1,-1.47,-0.85,0.31,-2.09,1.34,1.81,-0.2
 TECIDO,-1.27,2.35,0.81,-2.27,-0.56,0.65,0.95,-2.98,0.2,-2.61,-1.81,-0.28,0.31,-2.09,1.34,1.81,-0.32
 ARTIGOS DE ARMARINHO,       -,2.28,1.02,       -,-0.74,       -,       -,       -,       -,1.33,-0.58,-1.76,       -,       -,       -,       -,0.36
 TRANSPORTES,0.05,-1.32,0.35,0.79,-1.23,-2.44,-1.15,-0.47,-0.66,-0.45,1.31,-0.63,-0.66,-0.83,-0.06,0.13,-0.65
 TRANSPORTES,0.05,-1.32,0.35,0.79,-1.23,-2.44,-1.15,-0.47,-0.66,-0.45,1.31,-0.63,-0.66,-0.83,-0.06,0.13,-0.65
 TRANSPORTE PÚBLICO,-1.03,-6.1,1.53,-3.23,-7.17,-11.94,-4.5,-3.42,-2.96,-6.43,-5.38,-5.94,-5.45,-6.62,-2.09,-1.88,-4.66
 ÔNIBUS URBANO,0,0,15.89,0,-13.66,0,0,0,0,0,0,2.27,0,3.68,0,0,-0.92
 TÁXI,3.95,0,0,0,0,       -,0,0,4.31,       -,       -,0,0,0,0,0,1.25
 TREM,0,       -,       -,       -,12.73,       -,       -,       -,       -,       -,       -,       -,       -,       -,       -,       -,6.48
 ÔNIBUS INTERMUNICIPAL,0,1.49,0.84,1.36,13.52,       -,0.37,0,0.29,0,-0.64,5.33,-0.7,0,1.64,0,4.65
 ÔNIBUS INTERESTADUAL,4.52,       -,2.83,5.16,1.56,1.67,1.41,0.04,0.53,1.88,0.03,-0.38,3.01,1.89,-0.55,1.42,1.78
 PASSAGEM AÉREA,-7.53,-15.71,-18.03,-11.81,-14.27,-21.31,-16.72,-17.15,-15.18,-14.81,-16.52,-18.69,-21.71,-16.66,-21.84,-9.15,-15.22
 METRÔ,0,       -,       -,       -,12.73,0,       -,       -,       -,       -,       -,       -,       -,       -,       -,       -,7.07
 TRANSPORTE ESCOLAR,       -,0,0,0,0,0,       -,       -,0,0,       -,0,0,       -,0,0,0.0
 TRANSPORTE POR APLICATIVO,-2.41,-10.49,-9.86,-6.77,-19,-0.61,       -,-4.34,-1.23,       -,-2.9,-9.41,-7.3,       -,-2.06,-4.87,-10.19
 INTEGRAÇÃO TRANSPORTE PÚBLICO,       -,       -,       -,       -,-6.34,       -,       -,       -,       -,       -,       -,       -,       -,       -,       -,       -,-6.34
 VEÍCULO PRÓPRIO,0.35,0.16,0.75,0.26,0.28,0.71,0.27,0.17,0.38,0.31,0.04,0.77,0.41,-0.15,1.17,0.64,0.35
 AUTOMÓVEL NOVO,0.09,0.11,0.13,0.34,0.36,0.09,0.57,0.95,-0.52,0.86,0.09,0.68,0.85,-0.45,0.43,1.2,0.36
 EMPLACAMENTO E LICENÇA,-0.12,0.24,-0.16,-1.97,-0.02,0.82,-0.13,-0.13,0.39,-0.28,-0.72,-0.09,-0.12,-0.12,0.82,-0.1,-0.1
 SEGURO VOLUNTÁRIO DE VEÍCULO,1.17,-1.08,4.61,-2.26,2.76,2.59,3.5,1.61,-2.28,2.49,-2.42,3.65,-2.51,1.81,1.8,-2.88,1.66
 MULTA,       -,0,0,0,0,0,0,0,0,0,0,       -,0,0,0,0,0.0
 ÓLEO LUBRIFICANTE,       -,-1.21,-1.22,-0.55,1.96,-0.64,-1.78,-0.54,0.11,1.14,0.69,       -,2.02,-0.29,-2.53,0.82,0.21
 ACESSÓRIOS E PEÇAS,0.49,-0.5,-1.21,0.56,0.83,0.52,0.66,1.69,3.85,0.3,-1.51,1.12,0.37,-1.86,1.4,0.99,0.54
 PNEU,       -,1.77,-1.76,0.53,-2.43,-0.86,-1.07,-4.39,-0.39,-3.46,-1.53,-0.38,0.71,1.16,-0.19,0.76,-1.48
 CONSERTO DE AUTOMÓVEL,2.06,0.95,2.29,2.27,-0.79,1,0.24,-0.7,1.4,0.05,1.62,2.33,1.11,0.28,1.42,2.13,0.67
 ESTACIONAMENTO,       -,-0.37,       -,       -,1.25,       -,       -,       -,1.67,1.74,       -,       -,       -,       -,       -,       -,1.18
 PEDÁGIO,       -,0,       -,       -,0,       -,       -,       -,       -,2.39,       -,0,       -,       -,       -,       -,0.39
 AUTOMÓVEL USADO,-0.41,0.28,0.39,       -,0.16,0.95,0.78,-0.72,-0.48,-0.13,0.27,-0.28,-0.33,-0.4,-0.44,-0.32,0.06
 PINTURA DE VEÍCULO,       -,       -,2.47,-0.43,       -,       -,       -,       -,1.07,       -,       -,       -,       -,       -,       -,       -,1.41
 ALUGUEL DE VEÍCULO,-1.64,       -,       -,       -,       -,       -,0.34,       -,15.02,       -,       -,       -,       -,       -,       -,       -,5.09
 MOTOCICLETA,2.69,-1.5,1.1,3.07,1.17,1.44,0.71,0.83,-0.61,-0.01,2.02,0.46,1.47,0,3.56,0.67,1.09
 COMBUSTÍVEIS (VEÍCULOS),0.59,-1.34,-1,4.22,-1.24,-1.79,-1.81,-0.03,-0.71,-0.25,5.45,-1.85,-1.48,-0.12,-1.25,0.77,-0.39
 GASOLINA,-0.31,-1.35,-0.87,4.49,-0.7,-1.75,-1.81,-0.02,-0.93,-0.16,5.1,-1.91,-1.37,-0.14,-1.19,0.84,-0.31
 ETANOL,-1.49,       -,-2.02,2.22,-3.24,-5.29,       -,       -,-0.38,-0.75,9.71,       -,-4.4,       -,       -,       -,-1.55
 ÓLEO DIESEL,-0.71,-1.2,-1.17,-2.18,-1.36,-1.81,-1.95,-1.73,1.82,-0.33,-1.67,-0.84,-1.98,0.05,-2.07,-0.88,-1.0
 GÁS VEICULAR,5.9,       -,       -,       -,       -,       -,       -,4.92,       -,       -,       -,       -,       -,       -,       -,       -,5.86
 SAÚDE E CUIDADOS PESSOAIS,0.53,0.84,1,0.84,0.9,0.82,0.67,1.34,0.97,0.74,0.52,0.87,0.39,0.68,0.64,0.42,0.83
 PRODUTOS FARMACÊUTICOS E ÓTICOS,0.65,0.9,1.08,1.55,0.73,0.99,0.47,2.32,0.96,0.44,-0.61,0.22,0.63,1.18,-0.02,-0.78,0.74
 PRODUTOS FARMACÊUTICOS,0.66,1,1.05,1.57,0.55,1.35,0.93,2.38,0.86,0.23,-0.55,0.32,0.49,1.34,-0.24,-0.97,0.7
 ANTI-INFECCIOSO E ANTIBIÓTICO,1.29,3.58,1.47,1.63,0.24,2.13,0.74,0.94,1.29,0.45,-0.95,-0.05,1.18,0.59,1.33,-3.21,0.95
 ANALGÉSICO E ANTITÉRMICO,-0.44,2.79,1.05,1.87,1.14,2.05,1.3,3.47,-0.41,1.21,0.01,-0.34,2.05,1.88,1.18,-0.7,1.09
 ANTI-INFLAMATÓRIO E ANTIRREUMÁTICO,1.82,0.06,0.61,2.23,2.36,0.02,-0.56,1.13,0.57,1.65,0.09,2.5,2.99,3.18,-2.06,-0.13,1.17
 ANTIGRIPAL E ANTITUSSÍGENO,1.47,2.45,0.32,-0.51,-0.54,0.87,-0.42,1.32,1.2,-0.3,0.78,0.52,-0.14,0.71,3.26,2.34,0.42
 DERMATOLÓGICO,1.06,2.55,-0.09,0.88,-0.76,0.77,       -,1.98,-0.14,0.63,       -,0.02,1.2,1.23,-3.92,-0.34,0.12
 ANTIALÉRGICO E BRONCODILATADOR,0.44,1.4,0.67,0.02,0.5,1.83,-1.44,2.22,1.11,0.05,-0.27,0.23,1.03,1.7,-3.39,-1.5,0.49
 GASTROPROTETOR,0.65,2,0.32,2.41,0.67,       -,-0.66,1.17,1.48,1.38,-0.71,0.59,1.18,0.65,-3.85,0.49,0.65
 VITAMINA E FORTIFICANTE,1.52,-1.91,2.91,1.13,0.19,2.36,1.63,1.83,0.28,2.08,-0.28,1.5,1.06,-1.06,0.83,-0.58,0.8
 HORMONAL,1.05,-2.56,2.18,2.21,-1.36,-1.57,1.3,2.71,1.32,0.63,-0.31,-0.32,-0.45,1.92,0.86,-1.86,-0.19
 PSICOTRÓPICO E ANOREXÍGENO,-0.15,2.4,1.01,2.58,1.43,1.37,-0.22,5,0.97,0.53,-2.72,-0.44,-0.95,-0.08,-1.18,-2.11,0.94
 HIPOTENSOR E HIPOCOLESTEROLÊMICO,0.05,-0.07,0.84,2.94,-0.13,1.49,2.8,3.38,1.78,-2.6,-0.82,0.71,-2.45,3.18,-0.09,-2.51,0.28
 OFTALMOLÓGICO,0.31,1.25,1.51,1.85,1.89,0.76,-0.88,1.27,1.32,       -,-0.43,0.56,1.69,       -,-2.39,-0.83,0.95
 ANTIDIABÉTICO,2.59,2.4,1.02,-0.4,2.93,1.43,3.94,1.87,0.22,0.73,-1.06,1.5,-2.09,0.56,-0.72,1.93,1.86
 NEUROLÓGICO,0.79,-2.21,0.27,-0.72,-0.2,1.8,0.59,2.06,1.89,-0.39,-0.61,-0.22,2.09,0.71,0.46,-1.09,0.1
 PRODUTOS ÓTICOS,0.55,-0.76,1.62,1.19,2.91,-3.37,-2.46,1.74,2.14,4.02,-2.6,-1.66,2.18,-3.51,2.02,2.36,1.32
 ÓCULOS DE GRAU,0.55,-0.76,1.62,1.19,2.91,-3.37,-2.46,1.74,2.14,4.02,-2.6,-1.66,2.18,-3.51,2.02,2.36,1.32
 SERVIÇOS DE SAÚDE,0.6,0.9,0.81,0.87,0.82,0.98,0.48,0.94,0.86,0.65,0.97,0.94,0.37,0.52,1.03,0.88,0.8
 SERVIÇOS MÉDICOS E DENTÁRIOS,0.11,0.97,0.98,1.32,1.25,2.26,0,1.47,1.14,0.04,1.43,1.7,-0.41,0.2,1.81,1.27,1.0
 MÉDICO,0,1.26,0.8,1.31,0.41,1.8,0,1.94,0.85,-0.54,2.53,0.49,-0.12,0,2.85,1.77,0.73
 DENTISTA,0.04,0.2,1.17,1.33,2.05,2.48,0,0.28,1.46,0.6,-0.27,2.54,-0.82,1,-0.32,0.23,1.25
 APARELHO ORTODÔNTICO,       -,       -,0.87,       -,       -,       -,       -,       -,       -,       -,2.05,       -,0.47,       -,       -,       -,1.08
 FISIOTERAPEUTA,       -,       -,       -,       -,       -,       -,       -,       -,       -,       -,       -,       -,       -,0,       -,       -,0.0
 PSICÓLOGO,0.99,3.51,       -,       -,0.51,       -,       -,       -,       -,       -,       -,       -,       -,       -,       -,       -,1.19
 SERVIÇOS LABORATORIAIS E HOSPITALARES,0.01,1.68,0.76,0.92,0.39,0.54,0.35,1.18,0.79,1.79,1.05,1.49,0.35,0.74,0.13,0.98,0.7
 EXAME DE LABORATÓRIO,-0.99,-0.51,0.15,0.29,1.11,-0.19,0.81,1.9,1.05,-0.61,2.16,1.2,1.07,0,1.22,-0.21,0.52
 HOSPITALIZAÇÃO E CIRURGIA,0.26,2.26,1.11,0.36,0.2,0.18,0.06,0.85,0.74,3,1.14,1.18,0,       -,-0.35,1.36,0.7
 EXAME DE IMAGEM,-0.42,1.88,0.51,1.81,0.77,2.96,0.51,0.89,0.62,1.03,0.06,1.95,0.09,1.78,-0.47,1.27,0.84
 PLANO DE SAÚDE,0.77,0.74,0.75,0.77,0.77,0.78,0.77,0.77,0.78,0.77,0.77,0.74,0.69,0.77,0.77,0.77,0.76
 PLANO DE SAÚDE,0.77,0.74,0.75,0.77,0.77,0.78,0.77,0.77,0.78,0.77,0.77,0.74,0.69,0.77,0.77,0.77,0.76
 CUIDADOS PESSOAIS,0.24,0.71,1.2,0.25,1.18,0.2,0.88,0.99,1.14,1.13,1.28,1.55,0.22,0.46,0.9,0.93,0.94
 HIGIENE PESSOAL,0.24,0.71,1.2,0.25,1.18,0.2,0.88,0.99,1.14,1.13,1.28,1.55,0.22,0.46,0.9,0.93,0.94
 PRODUTO PARA CABELO,0.94,2.07,2.15,1.98,-0.54,-0.96,-2.55,0.99,1.88,-0.13,-0.16,0.39,0.06,-0.26,-0.55,0.84,0.42
 FRALDA DESCARTÁVEL,1.95,0.12,1.26,-2.71,-0.06,0.65,0.79,-0.66,2.49,2.35,2.79,-0.38,-0.05,-0.35,-3.46,-1.93,0.57
 PRODUTO PARA BARBA,-1.1,-2.8,3.98,1.87,1.94,0.14,0.1,0.13,-1.75,-0.46,0.19,0.94,0.61,1.05,1.35,0.27,0.62
 PRODUTO PARA PELE,2.93,0.82,2.5,3.12,2.82,2.95,0.54,3.09,1.85,6.07,3.14,2.65,1.88,0.68,4.16,2.26,2.64
 PRODUTO PARA HIGIENE BUCAL,-2.56,-1.1,1.03,0.63,1.18,-0.59,0.96,1.37,2.19,-1.15,2.01,1.07,-1.4,0.48,0.4,0.87,0.46
 PRODUTO PARA UNHA,       -,       -,       -,       -,       -,       -,-3.91,       -,       -,       -,       -,       -,       -,-0.82,       -,       -,-3.51
 PERFUME,1.94,1.26,-0.33,0.53,2.98,-1.32,2.15,0.68,-0.29,1.71,1.11,1.69,0.34,0.97,1.82,1.89,1.46
 DESODORANTE,-0.78,2.12,1.9,-3,0.64,2.31,-0.34,1.24,0.86,0.42,0.52,0.87,-0.35,0.07,0.58,1.97,0.58
 ABSORVENTE HIGIÊNICO,-1.18,0.14,4.37,-0.53,2.82,1.4,-2.6,-1.42,0.16,2.74,0.71,-1.39,1.15,-0.88,3.04,0.2,1.37
 SABONETE,-2.36,0.42,-0.87,-1.65,0.17,-0.49,3.07,1.56,4.88,0.42,0.68,6.23,-1.42,-0.6,-2.72,-0.1,0.24
 PAPEL HIGIÊNICO,-1.72,-1.97,1.12,-0.83,-1.82,-0.85,0.53,0.92,-2.27,-0.15,2.71,2.49,0.12,0.29,1.9,-2.96,-0.97
 ARTIGOS DE MAQUIAGEM,2.76,0.33,0.93,2.22,2.92,0.43,3.32,2.58,3.15,1.66,1.39,0.9,3.24,2.3,0.02,-0.55,2.01
 DESPESAS PESSOAIS,0.87,0.9,0.63,0.68,0.83,0.56,0.88,1.06,1.22,0.58,1.01,0.71,0.79,1.09,1.19,0.93,0.82
 SERVIÇOS PESSOAIS,1.04,1,0.99,0.75,0.92,0.99,1.13,1.13,1.34,1.42,1.06,0.68,1.02,1.71,1.77,1.34,1.04
 SERVIÇOS PESSOAIS,1.04,1,0.99,0.75,0.92,0.99,1.13,1.13,1.34,1.42,1.06,0.68,1.02,1.71,1.77,1.34,1.04
 COSTUREIRA,       -,       -,       -,1.67,       -,       -,-1.18,       -,       -,       -,       -,       -,       -,3.14,-1.47,-0.15,-0.25
 MANICURE,1.68,-1.92,2.37,0.87,0.63,1.14,0.71,4.35,2.54,2.81,0.5,0.5,1.08,0,2.54,1.86,1.19
 EMPREGADO DOMÉSTICO,0.24,0.24,0.24,0.24,0.24,0.24,0.24,0.24,0.24,0.24,0.24,0.24,0.24,0.24,0.24,0.24,0.24
 CABELEIREIRO E BARBEIRO,0.98,0.42,0.41,-0.52,-0.33,0.18,0.56,0.64,1.95,1.78,0.43,-0.47,-1.01,3.54,1.5,1.34,0.41
 DEPILAÇÃO,       -,       -,-1.05,       -,1.44,-0.47,       -,       -,-0.25,-0.56,0.64,       -,2.28,       -,       -,0.32,0.42
 CARTÓRIO,       -,2.71,       -,       -,       -,       -,       -,       -,       -,9.92,0,       -,0,4.29,3.92,       -,4.58
 DESPACHANTE,       -,       -,1.5,       -,3.31,       -,       -,       -,       -,-2.86,-0.59,3.95,       -,       -,       -,       -,1.85
 SERVIÇO BANCÁRIO,2.7,2.7,2.7,2.7,2.7,2.7,2.7,2.7,2.7,2.7,2.7,2.7,2.7,2.7,2.7,2.7,2.7
 CONSELHO DE CLASSE,       -,0.25,       -,       -,0.25,0.26,       -,       -,       -,       -,0.25,0.3,       -,       -,       -,       -,0.25
 SOBRANCELHA,3.01,2.27,1.9,1.1,-0.81,1.23,       -,0,2.29,2.52,-1.29,-0.82,-0.04,1.89,1.66,1.47,0.87
 RECREAÇÃO E FUMO,0.59,0.74,0.09,0.56,0.68,-0.2,0.41,0.95,0.99,-0.46,0.95,0.79,0.36,-0.13,-0.16,0.18,0.49
 RECREAÇÃO,0.7,0.9,0.09,0.65,0.15,-0.21,0.45,1.21,1.08,-0.52,1.11,0.87,0.42,-0.15,-0.19,0.19,0.34
 CLUBE,       -,3.61,0.33,       -,0.54,-3.29,       -,       -,       -,       -,       -,       -,       -,       -,       -,       -,0.73
 INSTRUMENTO MUSICAL,       -,       -,       -,       -,       -,0.91,       -,       -,0.81,       -,0.52,       -,       -,0,       -,       -,0.67
 TRATAMENTO DE ANIMAIS (CLÍNICA),0.47,1.49,-1.04,-1.7,-1.75,1.86,-0.09,-1.53,-0.2,-1.21,-0.92,-0.44,-0.64,0.14,-0.31,0.81,-0.73
 BICICLETA,       -,-1.19,-1.7,-4.64,-2.34,-1.26,0.35,       -,-5.24,0.23,0.23,-1.3,-5.4,-0.74,-1.78,       -,-2.06
 ALIMENTO PARA ANIMAIS,2.18,2.37,-0.7,0.33,2.17,1.81,-1.13,0.43,0.26,0.36,0.26,-0.4,2.39,0.02,-2.02,-1.16,1.23
 BRINQUEDO,3.05,0.27,0.53,-0.19,-1.15,1.94,1.91,3.12,2.02,0.91,2.92,1.29,2.03,-0.48,0.32,0.43,0.55
 CASA NOTURNA,0.47,       -,-1.77,       -,2.9,       -,       -,       -,       -,       -,       -,       -,0.42,       -,       -,       -,1.31
 JOGOS DE AZAR,0,0,0,0,0,0,0,0,0,0,0,0,0,0,0,0,0.0
 MATERIAL DE CAÇA E PESCA,       -,       -,       -,       -,       -,       -,       -,       -,       -,       -,-2.54,       -,       -,-0.69,       -,       -,-2.46
 HOSPEDAGEM,4.49,-0.45,0.1,6.47,-0.06,-3.4,4.55,5.23,3.81,-1.18,-1.36,4.36,1.92,-0.09,1.69,4.22,0.55
 PACOTE TURÍSTICO,-1.76,-0.65,2.68,-2.91,-0.77,0.25,       -,-0.49,2.8,-0.99,3.53,-2.96,3.39,       -,-1.72,0.54,-0.14
 SERVIÇO DE HIGIENE PARA ANIMAIS,0.39,2.67,1.22,       -,-0.14,-2.36,       -,0.67,3.59,1.71,0.21,1.14,-2.13,       -,       -,       -,0.61
" CINEMA, TEATRO E CONCERTOS",-1.62,2.21,-1.59,0.93,2.09,2.67,1.21,3.07,0.86,-1.33,5.71,3.45,-2.82,0,0.9,-1.61,1.01
 FUMO,0,0,0,0,4.16,0,0,-0.56,0,0,0,0,0,0,0,0,1.53
 CIGARRO,0,0,0,0,4.16,0,0,-0.56,0,0,0,0,0,0,0,0,1.53
 EDUCAÇÃO,0.13,0.45,0.51,0.27,0.22,0.5,0.48,0.38,0.5,0.3,0.3,0.27,0.52,0.06,0.34,0.88,0.33
" CURSOS, LEITURA E PAPELARIA",0.13,0.45,0.51,0.27,0.22,0.5,0.48,0.38,0.5,0.3,0.3,0.27,0.52,0.06,0.34,0.88,0.33
 CURSOS REGULARES,0,0,0,0,0,0,0,0,0,0,0,0,0,0,0,0,0.0
 CRECHE,0,0,0,0,0,0,       -,0,       -,0,0,0,0,0,       -,0,0.0
 PRÉ-ESCOLA,0,0,0,0,0,0,0,0,0,0,0,0,0,       -,0,0,0.0
 ENSINO FUNDAMENTAL,0,0,0,0,0,0,0,0,0,0,0,0,0,0,0,0,0.0
 ENSINO MÉDIO,0,0,0,0,0,0,0,0,0,0,0,0,0,0,0,0,0.0
 ENSINO SUPERIOR,0,0,0,0,0,0,0,0,0,0,0,0,0,0,0,0,0.0
 PÓS-GRADUAÇÃO,0,0,0,0,0,0,0,0,0,0,0,0,0,0,0,0,0.0
 EDUCAÇÃO DE JOVENS E ADULTOS,0,       -,       -,       -,       -,0,       -,0,       -,0,       -,       -,       -,0,0,       -,0.0
 CURSO TÉCNICO,       -,0,0,0,       -,       -,0,       -,0,       -,       -,       -,       -,       -,0,       -,0.0
 LEITURA,2.56,3.11,3.8,2.52,2.35,2.32,2.53,5.3,3.67,5.05,1.87,3.29,4.13,3.95,2.36,4.03,3.0
 JORNAL DIÁRIO,0,0.68,       -,       -,       -,       -,0,       -,       -,       -,       -,0,       -,       -,       -,       -,0.36
 REVISTA,       -,       -,       -,       -,0.99,       -,       -,       -,       -,       -,       -,       -,       -,0.99,       -,       -,0.99
 LIVRO DIDÁTICO,4.03,7.51,4.01,2.63,2.65,2.57,3.51,5.3,4.13,5.28,1.87,4.93,4.3,5.14,2.36,4.06,3.58
 LIVRO NÃO DIDÁTICO,0.85,2.74,2.88,1.8,2.88,1.73,       -,       -,1.33,4.32,       -,       -,3.73,       -,       -,3.73,2.59
 PAPELARIA,-0.82,0.07,0.65,-1.07,1.27,-0.26,1.34,-0.93,0.45,0.59,0.64,0.06,0.47,-2.31,-0.92,1.78,0.4
 CADERNO,-0.08,3.39,0.66,-2.78,2.77,-1.13,2.53,-0.79,-1.99,-0.17,2.4,0.12,-2.51,-2.54,-2.33,3.25,0.82
 ARTIGOS DE PAPELARIA,-1.13,-1.82,0.64,0.27,0.59,0,-0.04,-1.03,1.96,1,-0.5,0.01,1.95,-2.03,0.39,0.81,0.15
 CURSOS DIVERSOS,-0.74,0.65,0.46,0.39,0.21,1.48,1.61,0.01,0.56,-0.6,0.7,0.14,0.67,0.32,0.07,3.77,0.3
 CURSO PREPARATÓRIO,0,       -,0,0,       -,0,       -,       -,0,0,0,       -,0,       -,0,0,0.0
 CURSO DE IDIOMA,0,0,0,0,0,0,0,0,0,0,0,0,0,       -,0,       -,0.0
 CURSO DE INFORMÁTICA,       -,       -,       -,       -,       -,       -,       -,       -,       -,       -,       -,       -,       -,       -,0.61,       -,0.61
 AUTOESCOLA,       -,       -,1.37,0,       -,       -,3.57,       -,0,0.32,       -,       -,2.5,-0.22,       -,11.04,1.47
 ATIVIDADES FÍSICAS,-1.6,0.96,0.48,0.91,0.42,2.81,0.38,0.01,1.03,-1.58,2.11,0.24,0.56,0.79,-0.25,-0.45,0.4
 COMUNICAÇÃO,-0.28,0.29,0.02,0.47,-0.16,-0.1,-0.46,0.33,-0.39,-0.17,0.22,0.03,0.16,0.15,-0.18,-0.2,-0.08
 COMUNICAÇÃO,-0.28,0.29,0.02,0.47,-0.16,-0.1,-0.46,0.33,-0.39,-0.17,0.22,0.03,0.16,0.15,-0.18,-0.2,-0.08
 COMUNICAÇÃO,-0.28,0.29,0.02,0.47,-0.16,-0.1,-0.46,0.33,-0.39,-0.17,0.22,0.03,0.16,0.15,-0.18,-0.2,-0.08
 CORREIO,       -,0,0,       -,0,0,       -,       -,       -,0,       -,       -,       -,0,       -,       -,0.0
 PLANO DE TELEFONIA FIXA,0,0,0,0.07,0,0,0,0,-1.54,0,0,0,0,0,0,0,-0.07
 PLANO DE TELEFONIA MÓVEL,0.42,0.42,0,0.42,0.42,0.42,0,0.42,0,0,0.42,0,0.42,0.42,0.42,0,0.29
 TV POR ASSINATURA,0,0,0,0,0,0,0,0,0,0,0,0,0,0,0,0,0.0
 ACESSO À INTERNET,0,0,0,0,0,0,0,0,0,0,0,0,0,0,0,0,0.0
 APARELHO TELEFÔNICO,-2.05,0.87,0.01,1.35,-2.11,-1.09,-1.92,0.95,-1.89,-1.07,0.71,0.11,-0.02,0.03,-0.96,-0.91,-0.98
 SERVIÇOS DE STREAMING,       -,1.05,1.05,1.05,1.05,1.05,       -,       -,1.05,1.05,       -,1.05,1.05,       -,1.05,1.05,1.05
" COMBO DE TELEFONIA, INTERNET E TV POR ASSINATURA",0,0,0,0,0,0,0,0,0,0,0,0,0,0,0,0,0.0
